file,cls,label,pair_id,paired,phone,fold,locked,lopo_group,random_split
00962.png,Bonafide,0,00962,True,iPhone,2,False,iPhone,train
00998.png,Bonafide,0,00998,True,iPhone,0,False,iPhone,train
01012.png,Bonafide,0,01012,True,iPhone,4,True,iPhone,train
08794.png,Bonafide,0,08794,True,iPhone,3,False,iPhone,train
10673.png,Bonafide,0,10673,True,iPhone,0,False,iPhone,train
10684.png,Bonafide,0,10684,True,iPhone,1,False,iPhone,train
10696.png,Bonafide,0,10696,True,iPhone,2,False,iPhone,train
10712.png,Bonafide,0,10712,True,iPhone,3,False,iPhone,train
10728.png,Bonafide,0,10728,True,iPhone,1,False,iPhone,train
10741.png,Bonafide,0,10741,True,iPhone,4,True,iPhone,train
10744.png,Bonafide,0,10744,True,Samsung,4,True,Samsung,train
10881.png,Bonafide,0,10881,True,Samsung,0,False,Samsung,train
10889.png,Bonafide,0,10889,True,Samsung,3,False,Samsung,train
10954.png,Bonafide,0,10954,True,Samsung,3,False,Samsung,val
10960.png,Bonafide,0,10960,True,Samsung,0,False,Samsung,train
10970.png,Bonafide,0,10970,True,Samsung,2,False,Samsung,val
10972.png,Bonafide,0,10972,True,Samsung,1,False,Samsung,train
10992.png,Bonafide,0,10992,True,Samsung,2,False,Samsung,val
11040.png,Bonafide,0,11040,True,Samsung,1,False,Samsung,train
11053.png,Bonafide,0,11053,True,iPhone,4,True,iPhone,train
11099.png,Bonafide,0,11099,True,iPhone,2,False,iPhone,train
11117.png,Bonafide,0,11117,True,iPhone,1,False,iPhone,train
11130.png,Bonafide,0,11130,True,iPhone,0,False,iPhone,train
11154.png,Bonafide,0,11154,False,none,0,False,bona_train,train
11166.png,Bonafide,0,11166,False,none,2,False,bona_train,train
11174.png,Bonafide,0,11174,False,none,4,True,bona_train,train
11185.png,Bonafide,0,11185,False,none,4,True,bona_train,train
11193.png,Bonafide,0,11193,False,none,2,False,bona_train,train
11196.png,Bonafide,0,11196,False,none,0,False,bona_train,train
11233.png,Bonafide,0,11233,False,none,0,False,bona_val,train
11237.png,Bonafide,0,11237,False,none,0,False,bona_train,train
11261.png,Bonafide,0,11261,False,none,4,True,bona_train,train
11280.png,Bonafide,0,11280,False,none,4,True,bona_val,val
11308.png,Bonafide,0,11308,False,none,0,False,bona_train,train
11311.png,Bonafide,0,11311,False,none,3,False,bona_train,train
11312.png,Bonafide,0,11312,False,none,1,False,bona_train,val
11322.png,Bonafide,0,11322,False,none,3,False,bona_train,train
11326.png,Bonafide,0,11326,False,none,0,False,bona_val,train
11358.png,Bonafide,0,11358,False,none,0,False,bona_val,train
11359.png,Bonafide,0,11359,False,none,1,False,bona_train,train
11373.png,Bonafide,0,11373,False,none,3,False,bona_val,train
11413.png,Bonafide,0,11413,False,none,1,False,bona_val,train
11443.png,Bonafide,0,11443,False,none,2,False,bona_train,train
11463.png,Bonafide,0,11463,False,none,0,False,bona_train,train
11483.png,Bonafide,0,11483,False,none,0,False,bona_train,train
11506.png,Bonafide,0,11506,False,none,4,True,bona_val,train
11507.png,Bonafide,0,11507,False,none,0,False,bona_val,train
11513.png,Bonafide,0,11513,False,none,2,False,bona_train,train
11519.png,Bonafide,0,11519,False,none,2,False,bona_train,train
11541.png,Bonafide,0,11541,False,none,3,False,bona_val,train
11567.png,Bonafide,0,11567,False,none,2,False,bona_train,train
11634.png,Bonafide,0,11634,False,none,1,False,bona_train,train
11644.png,Bonafide,0,11644,False,none,3,False,bona_train,train
11728.png,Bonafide,0,11728,False,none,1,False,bona_val,train
11781.png,Bonafide,0,11781,False,none,4,True,bona_train,train
11786.png,Bonafide,0,11786,False,none,3,False,bona_train,train
11807.png,Bonafide,0,11807,False,none,0,False,bona_val,train
11810.png,Bonafide,0,11810,False,none,1,False,bona_val,train
11838.png,Bonafide,0,11838,False,none,2,False,bona_train,train
11886.png,Bonafide,0,11886,False,none,0,False,bona_train,train
11953.png,Bonafide,0,11953,False,none,0,False,bona_train,train
11957.png,Bonafide,0,11957,False,none,4,True,bona_train,train
11981.png,Bonafide,0,11981,False,none,0,False,bona_train,train
11999.png,Bonafide,0,11999,False,none,3,False,bona_train,train
12009.png,Bonafide,0,12009,False,none,2,False,bona_train,train
12022.png,Bonafide,0,12022,False,none,0,False,bona_train,train
12024.png,Bonafide,0,12024,False,none,1,False,bona_train,val
12030.png,Bonafide,0,12030,False,none,2,False,bona_train,train
12062.png,Bonafide,0,12062,False,none,4,True,bona_val,train
12103.png,Bonafide,0,12103,False,none,0,False,bona_train,train
12122.png,Bonafide,0,12122,False,none,1,False,bona_train,train
12145.png,Bonafide,0,12145,False,none,4,True,bona_train,train
12163.png,Bonafide,0,12163,False,none,2,False,bona_train,train
12174.png,Bonafide,0,12174,False,none,1,False,bona_train,train
12188.png,Bonafide,0,12188,False,none,2,False,bona_val,train
12189.png,Bonafide,0,12189,False,none,2,False,bona_train,train
12207.png,Bonafide,0,12207,False,none,0,False,bona_val,train
12214.png,Bonafide,0,12214,False,none,1,False,bona_val,val
12249.png,Bonafide,0,12249,False,none,0,False,bona_train,train
12269.png,Bonafide,0,12269,False,none,4,True,bona_train,train
12278.png,Bonafide,0,12278,False,none,4,True,bona_val,val
12302.png,Bonafide,0,12302,False,none,4,True,bona_val,train
12320.png,Bonafide,0,12320,False,none,2,False,bona_train,train
12332.png,Bonafide,0,12332,False,none,3,False,bona_train,train
12349.png,Bonafide,0,12349,False,none,4,True,bona_train,train
12357.png,Bonafide,0,12357,False,none,3,False,bona_train,train
12368.png,Bonafide,0,12368,False,none,0,False,bona_train,train
12383.png,Bonafide,0,12383,False,none,2,False,bona_train,train
12385.png,Bonafide,0,12385,False,none,1,False,bona_train,train
12412.png,Bonafide,0,12412,False,none,3,False,bona_train,train
12444.png,Bonafide,0,12444,False,none,1,False,bona_train,train
12461.png,Bonafide,0,12461,False,none,3,False,bona_val,train
12465.png,Bonafide,0,12465,False,none,1,False,bona_val,train
12471.png,Bonafide,0,12471,False,none,2,False,bona_train,train
12481.png,Bonafide,0,12481,False,none,3,False,bona_train,train
12482.png,Bonafide,0,12482,False,none,2,False,bona_train,val
12533.png,Bonafide,0,12533,False,none,0,False,bona_train,train
12562.png,Bonafide,0,12562,False,none,1,False,bona_train,train
12569.png,Bonafide,0,12569,False,none,4,True,bona_val,train
12605.png,Bonafide,0,12605,False,none,1,False,bona_train,train
12616.png,Bonafide,0,12616,False,none,4,True,bona_train,train
12702.png,Bonafide,0,12702,False,none,1,False,bona_train,train
12705.png,Bonafide,0,12705,False,none,2,False,bona_train,train
12714.png,Bonafide,0,12714,False,none,0,False,bona_val,train
12735.png,Bonafide,0,12735,False,none,0,False,bona_train,train
12770.png,Bonafide,0,12770,False,none,2,False,bona_train,train
12818.png,Bonafide,0,12818,False,none,3,False,bona_train,train
12871.png,Bonafide,0,12871,False,none,3,False,bona_train,train
12872.png,Bonafide,0,12872,False,none,1,False,bona_train,train
12880.png,Bonafide,0,12880,False,none,2,False,bona_train,train
12934.png,Bonafide,0,12934,False,none,4,True,bona_train,train
12979.png,Bonafide,0,12979,False,none,3,False,bona_train,train
12994.png,Bonafide,0,12994,False,none,0,False,bona_val,train
12998.png,Bonafide,0,12998,False,none,1,False,bona_train,train
13013.png,Bonafide,0,13013,False,none,3,False,bona_train,train
13037.png,Bonafide,0,13037,False,none,2,False,bona_train,train
13045.png,Bonafide,0,13045,False,none,2,False,bona_train,train
13046.png,Bonafide,0,13046,False,none,4,True,bona_train,val
13079.png,Bonafide,0,13079,False,none,0,False,bona_train,train
13121.png,Bonafide,0,13121,False,none,4,True,bona_val,val
13124.png,Bonafide,0,13124,False,none,4,True,bona_train,train
13152.png,Bonafide,0,13152,False,none,1,False,bona_train,train
13157.png,Bonafide,0,13157,False,none,1,False,bona_train,train
13247.png,Bonafide,0,13247,False,none,1,False,bona_train,train
13257.png,Bonafide,0,13257,False,none,0,False,bona_train,val
13328.png,Bonafide,0,13328,False,none,3,False,bona_train,train
13344.png,Bonafide,0,13344,False,none,1,False,bona_train,train
13345.png,Bonafide,0,13345,False,none,1,False,bona_train,train
13355.png,Bonafide,0,13355,False,none,0,False,bona_train,train
13357.png,Bonafide,0,13357,False,none,1,False,bona_train,train
13363.png,Bonafide,0,13363,False,none,1,False,bona_train,train
13382.png,Bonafide,0,13382,False,none,2,False,bona_train,val
13386.png,Bonafide,0,13386,False,none,1,False,bona_val,val
13388.png,Bonafide,0,13388,False,none,0,False,bona_train,train
13396.png,Bonafide,0,13396,False,none,0,False,bona_val,train
13410.png,Bonafide,0,13410,False,none,2,False,bona_train,train
13414.png,Bonafide,0,13414,False,none,0,False,bona_train,train
13461.png,Bonafide,0,13461,False,none,1,False,bona_val,train
13478.png,Bonafide,0,13478,False,none,3,False,bona_train,train
13497.png,Bonafide,0,13497,False,none,2,False,bona_val,train
13502.png,Bonafide,0,13502,False,none,3,False,bona_train,val
13530.png,Bonafide,0,13530,False,none,1,False,bona_train,train
13537.png,Bonafide,0,13537,False,none,4,True,bona_val,val
13562.png,Bonafide,0,13562,False,none,2,False,bona_train,train
13568.png,Bonafide,0,13568,False,none,3,False,bona_train,train
13582.png,Bonafide,0,13582,False,none,0,False,bona_train,train
13583.png,Bonafide,0,13583,False,none,3,False,bona_val,train
13597.png,Bonafide,0,13597,False,none,3,False,bona_train,train
13610.png,Bonafide,0,13610,False,none,1,False,bona_val,train
13620.png,Bonafide,0,13620,False,none,1,False,bona_train,train
13638.png,Bonafide,0,13638,False,none,2,False,bona_train,val
13640.png,Bonafide,0,13640,False,none,4,True,bona_train,val
13695.png,Bonafide,0,13695,False,none,1,False,bona_train,train
13715.png,Bonafide,0,13715,False,none,0,False,bona_val,train
13719.png,Bonafide,0,13719,False,none,3,False,bona_train,train
13753.png,Bonafide,0,13753,False,none,1,False,bona_train,train
13777.png,Bonafide,0,13777,False,none,2,False,bona_val,train
13836.png,Bonafide,0,13836,False,none,4,True,bona_train,train
13871.png,Bonafide,0,13871,False,none,0,False,bona_train,train
13890.png,Bonafide,0,13890,False,none,0,False,bona_train,train
13925.png,Bonafide,0,13925,False,none,2,False,bona_train,train
13993.png,Bonafide,0,13993,False,none,0,False,bona_train,train
13999.png,Bonafide,0,13999,False,none,3,False,bona_val,train
14019.png,Bonafide,0,14019,False,none,0,False,bona_train,train
14036.png,Bonafide,0,14036,False,none,3,False,bona_train,train
14055.png,Bonafide,0,14055,False,none,2,False,bona_train,train
14062.png,Bonafide,0,14062,False,none,4,True,bona_train,train
14066.png,Bonafide,0,14066,False,none,4,True,bona_train,val
14067.png,Bonafide,0,14067,False,none,3,False,bona_val,val
14083.png,Bonafide,0,14083,False,none,0,False,bona_train,train
14088.png,Bonafide,0,14088,False,none,1,False,bona_train,train
14164.png,Bonafide,0,14164,False,none,3,False,bona_train,train
14201.png,Bonafide,0,14201,False,none,4,True,bona_train,train
14215.png,Bonafide,0,14215,False,none,2,False,bona_val,val
14220.png,Bonafide,0,14220,False,none,4,True,bona_train,train
14224.png,Bonafide,0,14224,False,none,2,False,bona_train,train
14261.png,Bonafide,0,14261,False,none,0,False,bona_train,train
14285.png,Bonafide,0,14285,False,none,2,False,bona_train,train
14392.png,Bonafide,0,14392,False,none,2,False,bona_train,train
14394.png,Bonafide,0,14394,False,none,3,False,bona_train,val
14397.png,Bonafide,0,14397,False,none,0,False,bona_train,train
14407.png,Bonafide,0,14407,False,none,1,False,bona_train,train
14413.png,Bonafide,0,14413,False,none,0,False,bona_train,train
14416.png,Bonafide,0,14416,False,none,4,True,bona_train,train
14419.png,Bonafide,0,14419,False,none,2,False,bona_train,val
14439.png,Bonafide,0,14439,False,none,4,True,bona_train,train
14511.png,Bonafide,0,14511,False,none,0,False,bona_train,train
14512.png,Bonafide,0,14512,False,none,1,False,bona_train,train
14515.png,Bonafide,0,14515,False,none,2,False,bona_train,val
14540.png,Bonafide,0,14540,False,none,0,False,bona_train,train
14555.png,Bonafide,0,14555,False,none,0,False,bona_val,train
14593.png,Bonafide,0,14593,False,none,2,False,bona_train,val
14619.png,Bonafide,0,14619,False,none,3,False,bona_val,train
14663.png,Bonafide,0,14663,False,none,1,False,bona_train,val
14678.png,Bonafide,0,14678,False,none,0,False,bona_train,train
14686.png,Bonafide,0,14686,False,none,0,False,bona_train,val
14701.png,Bonafide,0,14701,False,none,3,False,bona_train,train
14708.png,Bonafide,0,14708,False,none,1,False,bona_train,val
14713.png,Bonafide,0,14713,False,none,1,False,bona_train,train
14723.png,Bonafide,0,14723,False,none,1,False,bona_train,train
14735.png,Bonafide,0,14735,False,none,3,False,bona_train,train
14742.png,Bonafide,0,14742,False,none,0,False,bona_train,train
14764.png,Bonafide,0,14764,False,none,2,False,bona_train,train
14784.png,Bonafide,0,14784,False,none,3,False,bona_val,train
14812.png,Bonafide,0,14812,False,none,2,False,bona_train,val
14822.png,Bonafide,0,14822,False,none,4,True,bona_train,train
14862.png,Bonafide,0,14862,False,none,0,False,bona_val,val
14885.png,Bonafide,0,14885,False,none,3,False,bona_train,train
14899.png,Bonafide,0,14899,False,none,0,False,bona_train,train
14909.png,Bonafide,0,14909,False,none,2,False,bona_train,val
14921.png,Bonafide,0,14921,False,none,1,False,bona_val,train
14930.png,Bonafide,0,14930,False,none,0,False,bona_train,train
14977.png,Bonafide,0,14977,False,none,1,False,bona_val,train
15038.png,Bonafide,0,15038,False,none,1,False,bona_train,train
15084.png,Bonafide,0,15084,False,none,4,True,bona_train,train
15121.png,Bonafide,0,15121,False,none,1,False,bona_train,train
15132.png,Bonafide,0,15132,False,none,1,False,bona_train,val
15139.png,Bonafide,0,15139,False,none,1,False,bona_val,val
15140.png,Bonafide,0,15140,False,none,1,False,bona_train,train
15156.png,Bonafide,0,15156,False,none,3,False,bona_train,train
15170.png,Bonafide,0,15170,False,none,2,False,bona_train,train
15174.png,Bonafide,0,15174,False,none,2,False,bona_train,train
15219.png,Bonafide,0,15219,False,none,3,False,bona_train,train
15237.png,Bonafide,0,15237,False,none,4,True,bona_train,train
15238.png,Bonafide,0,15238,False,none,4,True,bona_train,train
15240.png,Bonafide,0,15240,False,none,3,False,bona_train,train
15243.png,Bonafide,0,15243,False,none,3,False,bona_val,train
15255.png,Bonafide,0,15255,False,none,1,False,bona_val,train
15286.png,Bonafide,0,15286,False,none,0,False,bona_val,train
15305.png,Bonafide,0,15305,False,none,3,False,bona_train,train
15326.png,Bonafide,0,15326,False,none,3,False,bona_train,train
15336.png,Bonafide,0,15336,False,none,4,True,bona_train,val
15370.png,Bonafide,0,15370,False,none,0,False,bona_train,train
15376.png,Bonafide,0,15376,False,none,0,False,bona_train,train
15386.png,Bonafide,0,15386,False,none,2,False,bona_train,train
15390.png,Bonafide,0,15390,False,none,1,False,bona_val,train
15407.png,Bonafide,0,15407,False,none,1,False,bona_val,train
15421.png,Bonafide,0,15421,False,none,0,False,bona_train,train
15459.png,Bonafide,0,15459,False,none,4,True,bona_train,train
15469.png,Bonafide,0,15469,False,none,4,True,bona_train,train
15470.png,Bonafide,0,15470,False,none,3,False,bona_train,train
15554.png,Bonafide,0,15554,False,none,0,False,bona_train,train
15581.png,Bonafide,0,15581,False,none,0,False,bona_train,train
15609.png,Bonafide,0,15609,False,none,1,False,bona_train,train
15636.png,Bonafide,0,15636,False,none,3,False,bona_train,val
15637.png,Bonafide,0,15637,False,none,3,False,bona_train,val
15683.png,Bonafide,0,15683,False,none,4,True,bona_train,train
15699.png,Bonafide,0,15699,False,none,2,False,bona_train,train
15718.png,Bonafide,0,15718,False,none,4,True,bona_train,train
15722.png,Bonafide,0,15722,False,none,3,False,bona_train,val
15773.png,Bonafide,0,15773,False,none,3,False,bona_train,train
15783.png,Bonafide,0,15783,False,none,4,True,bona_train,val
15787.png,Bonafide,0,15787,False,none,4,True,bona_train,val
15804.png,Bonafide,0,15804,False,none,4,True,bona_train,train
15841.png,Bonafide,0,15841,False,none,0,False,bona_train,train
15843.png,Bonafide,0,15843,False,none,2,False,bona_train,train
15851.png,Bonafide,0,15851,False,none,4,True,bona_train,train
15860.png,Bonafide,0,15860,False,none,2,False,bona_val,train
15883.png,Bonafide,0,15883,False,none,1,False,bona_train,val
15915.png,Bonafide,0,15915,False,none,3,False,bona_train,train
15947.png,Bonafide,0,15947,False,none,2,False,bona_train,train
15965.png,Bonafide,0,15965,False,none,2,False,bona_train,train
15983.png,Bonafide,0,15983,False,none,2,False,bona_train,train
16038.png,Bonafide,0,16038,False,none,0,False,bona_train,train
16049.png,Bonafide,0,16049,False,none,2,False,bona_val,train
16068.png,Bonafide,0,16068,False,none,2,False,bona_train,train
16079.png,Bonafide,0,16079,False,none,3,False,bona_train,train
16102.png,Bonafide,0,16102,False,none,2,False,bona_train,train
16116.png,Bonafide,0,16116,False,none,4,True,bona_train,train
16132.png,Bonafide,0,16132,False,none,0,False,bona_train,val
16170.png,Bonafide,0,16170,False,none,3,False,bona_train,train
16193.png,Bonafide,0,16193,False,none,2,False,bona_train,train
16205.png,Bonafide,0,16205,False,none,4,True,bona_val,train
16220.png,Bonafide,0,16220,False,none,2,False,bona_train,train
16223.png,Bonafide,0,16223,False,none,3,False,bona_val,val
16229.png,Bonafide,0,16229,False,none,0,False,bona_train,train
16241.png,Bonafide,0,16241,False,none,3,False,bona_val,train
16243.png,Bonafide,0,16243,False,none,0,False,bona_train,train
16259.png,Bonafide,0,16259,False,none,3,False,bona_val,val
16260.png,Bonafide,0,16260,False,none,3,False,bona_train,val
16298.png,Bonafide,0,16298,False,none,4,True,bona_train,train
16311.png,Bonafide,0,16311,False,none,0,False,bona_train,train
16321.png,Bonafide,0,16321,False,none,1,False,bona_train,train
16337.png,Bonafide,0,16337,False,none,4,True,bona_train,val
16367.png,Bonafide,0,16367,False,none,0,False,bona_train,train
16397.png,Bonafide,0,16397,False,none,4,True,bona_train,train
16402.png,Bonafide,0,16402,False,none,0,False,bona_train,val
16405.png,Bonafide,0,16405,False,none,0,False,bona_val,val
16412.png,Bonafide,0,16412,False,none,3,False,bona_train,train
16469.png,Bonafide,0,16469,False,none,2,False,bona_train,train
16486.png,Bonafide,0,16486,False,none,4,True,bona_train,val
16529.png,Bonafide,0,16529,False,none,2,False,bona_train,train
16535.png,Bonafide,0,16535,False,none,2,False,bona_train,train
16557.png,Bonafide,0,16557,False,none,2,False,bona_train,train
16581.png,Bonafide,0,16581,False,none,1,False,bona_val,train
16582.png,Bonafide,0,16582,False,none,3,False,bona_train,train
16583.png,Bonafide,0,16583,False,none,3,False,bona_train,train
16599.png,Bonafide,0,16599,False,none,2,False,bona_train,train
16600.png,Bonafide,0,16600,False,none,3,False,bona_train,val
16603.png,Bonafide,0,16603,False,none,0,False,bona_train,train
16639.png,Bonafide,0,16639,False,none,2,False,bona_train,val
16650.png,Bonafide,0,16650,False,none,4,True,bona_train,train
16670.png,Bonafide,0,16670,False,none,3,False,bona_train,train
16704.png,Bonafide,0,16704,False,none,3,False,bona_val,train
16710.png,Bonafide,0,16710,False,none,3,False,bona_train,val
16721.png,Bonafide,0,16721,False,none,4,True,bona_train,train
16780.png,Bonafide,0,16780,False,none,1,False,bona_train,train
16813.png,Bonafide,0,16813,False,none,1,False,bona_train,train
16843.png,Bonafide,0,16843,False,none,1,False,bona_val,train
16850.png,Bonafide,0,16850,False,none,3,False,bona_train,train
16852.png,Bonafide,0,16852,False,none,4,True,bona_train,train
16861.png,Bonafide,0,16861,False,none,2,False,bona_train,train
16865.png,Bonafide,0,16865,False,none,2,False,bona_train,train
16873.png,Bonafide,0,16873,False,none,2,False,bona_train,train
16879.png,Bonafide,0,16879,False,none,3,False,bona_train,train
16909.png,Bonafide,0,16909,False,none,2,False,bona_train,train
16911.png,Bonafide,0,16911,False,none,1,False,bona_train,train
16924.png,Bonafide,0,16924,False,none,1,False,bona_train,train
16942.png,Bonafide,0,16942,False,none,0,False,bona_val,train
16979.png,Bonafide,0,16979,False,none,4,True,bona_val,train
16986.png,Bonafide,0,16986,False,none,1,False,bona_train,train
17004.png,Bonafide,0,17004,False,none,4,True,bona_train,val
17017.png,Bonafide,0,17017,False,none,2,False,bona_train,train
17053.png,Bonafide,0,17053,False,none,2,False,bona_val,train
17055.png,Bonafide,0,17055,False,none,3,False,bona_train,val
17058.png,Bonafide,0,17058,False,none,3,False,bona_train,train
17088.png,Bonafide,0,17088,False,none,2,False,bona_train,train
17093.png,Bonafide,0,17093,False,none,0,False,bona_train,train
17105.png,Bonafide,0,17105,False,none,0,False,bona_train,train
17162.png,Bonafide,0,17162,False,none,3,False,bona_train,val
17164.png,Bonafide,0,17164,False,none,2,False,bona_train,train
17191.png,Bonafide,0,17191,False,none,0,False,bona_val,train
17205.png,Bonafide,0,17205,False,none,4,True,bona_train,val
17227.png,Bonafide,0,17227,False,none,1,False,bona_train,train
17239.png,Bonafide,0,17239,False,none,4,True,bona_train,train
17246.png,Bonafide,0,17246,False,none,3,False,bona_val,val
17275.png,Bonafide,0,17275,False,none,3,False,bona_train,train
17280.png,Bonafide,0,17280,False,none,2,False,bona_val,train
17336.png,Bonafide,0,17336,False,none,2,False,bona_train,train
17343.png,Bonafide,0,17343,False,none,3,False,bona_val,val
17356.png,Bonafide,0,17356,False,none,2,False,bona_val,train
17394.png,Bonafide,0,17394,False,none,0,False,bona_val,train
17406.png,Bonafide,0,17406,False,none,0,False,bona_train,train
17419.png,Bonafide,0,17419,False,none,3,False,bona_train,train
17420.png,Bonafide,0,17420,False,none,4,True,bona_train,val
17429.png,Bonafide,0,17429,False,none,3,False,bona_train,train
17436.png,Bonafide,0,17436,False,none,2,False,bona_val,train
17441.png,Bonafide,0,17441,False,none,3,False,bona_train,train
17456.png,Bonafide,0,17456,False,none,4,True,bona_train,train
17492.png,Bonafide,0,17492,False,none,0,False,bona_train,train
17496.png,Bonafide,0,17496,False,none,3,False,bona_train,val
17558.png,Bonafide,0,17558,False,none,4,True,bona_train,train
17621.png,Bonafide,0,17621,False,none,3,False,bona_train,train
17627.png,Bonafide,0,17627,False,none,0,False,bona_train,train
17644.png,Bonafide,0,17644,False,none,2,False,bona_train,val
17655.png,Bonafide,0,17655,False,none,1,False,bona_train,train
17714.png,Bonafide,0,17714,False,none,3,False,bona_train,train
17723.png,Bonafide,0,17723,False,none,1,False,bona_val,train
17757.png,Bonafide,0,17757,False,none,3,False,bona_train,train
17761.png,Bonafide,0,17761,False,none,2,False,bona_val,train
17794.png,Bonafide,0,17794,False,none,3,False,bona_train,val
17795.png,Bonafide,0,17795,False,none,4,True,bona_train,train
17798.png,Bonafide,0,17798,False,none,1,False,bona_val,train
17801.png,Bonafide,0,17801,False,none,3,False,bona_val,train
17879.png,Bonafide,0,17879,False,none,1,False,bona_train,val
17889.png,Bonafide,0,17889,False,none,4,True,bona_train,train
17894.png,Bonafide,0,17894,False,none,3,False,bona_train,train
17896.png,Bonafide,0,17896,False,none,3,False,bona_train,train
17898.png,Bonafide,0,17898,False,none,3,False,bona_train,train
17905.png,Bonafide,0,17905,False,none,0,False,bona_train,train
17909.png,Bonafide,0,17909,False,none,4,True,bona_train,train
17936.png,Bonafide,0,17936,False,none,4,True,bona_train,train
17966.png,Bonafide,0,17966,False,none,4,True,bona_train,train
17986.png,Bonafide,0,17986,False,none,0,False,bona_train,train
18016.png,Bonafide,0,18016,False,none,3,False,bona_train,train
18033.png,Bonafide,0,18033,False,none,2,False,bona_train,val
18046.png,Bonafide,0,18046,False,none,4,True,bona_val,train
18101.png,Bonafide,0,18101,False,none,3,False,bona_val,train
18115.png,Bonafide,0,18115,False,none,0,False,bona_val,train
18159.png,Bonafide,0,18159,False,none,2,False,bona_train,train
18173.png,Bonafide,0,18173,False,none,4,True,bona_train,val
18181.png,Bonafide,0,18181,False,none,1,False,bona_train,train
18190.png,Bonafide,0,18190,False,none,2,False,bona_train,train
18214.png,Bonafide,0,18214,False,none,3,False,bona_train,train
18226.png,Bonafide,0,18226,False,none,3,False,bona_val,val
18231.png,Bonafide,0,18231,False,none,1,False,bona_train,train
18258.png,Bonafide,0,18258,False,none,1,False,bona_train,train
18267.png,Bonafide,0,18267,False,none,4,True,bona_train,train
18268.png,Bonafide,0,18268,False,none,1,False,bona_train,train
18270.png,Bonafide,0,18270,False,none,3,False,bona_train,train
18289.png,Bonafide,0,18289,False,none,3,False,bona_train,train
18298.png,Bonafide,0,18298,False,none,1,False,bona_train,val
18325.png,Bonafide,0,18325,False,none,0,False,bona_val,train
18345.png,Bonafide,0,18345,False,none,3,False,bona_val,train
18346.png,Bonafide,0,18346,False,none,1,False,bona_train,train
18350.png,Bonafide,0,18350,False,none,4,True,bona_train,train
18357.png,Bonafide,0,18357,False,none,3,False,bona_train,train
18382.png,Bonafide,0,18382,False,none,1,False,bona_train,val
18390.png,Bonafide,0,18390,False,none,3,False,bona_train,train
18402.png,Bonafide,0,18402,False,none,2,False,bona_train,train
18406.png,Bonafide,0,18406,False,none,3,False,bona_val,train
18427.png,Bonafide,0,18427,False,none,2,False,bona_train,train
18459.png,Bonafide,0,18459,False,none,1,False,bona_train,val
18473.png,Bonafide,0,18473,False,none,1,False,bona_train,train
18477.png,Bonafide,0,18477,False,none,3,False,bona_train,val
18480.png,Bonafide,0,18480,False,none,3,False,bona_train,val
18481.png,Bonafide,0,18481,False,none,2,False,bona_train,train
18490.png,Bonafide,0,18490,False,none,2,False,bona_train,train
18502.png,Bonafide,0,18502,False,none,0,False,bona_train,val
18517.png,Bonafide,0,18517,False,none,1,False,bona_val,train
18545.png,Bonafide,0,18545,False,none,2,False,bona_train,val
18556.png,Bonafide,0,18556,False,none,2,False,bona_train,train
18560.png,Bonafide,0,18560,False,none,4,True,bona_train,train
18565.png,Bonafide,0,18565,False,none,4,True,bona_train,val
18568.png,Bonafide,0,18568,False,none,1,False,bona_val,train
18585.png,Bonafide,0,18585,False,none,1,False,bona_train,val
18590.png,Bonafide,0,18590,False,none,3,False,bona_train,train
18704.png,Bonafide,0,18704,False,none,2,False,bona_val,train
18711.png,Bonafide,0,18711,False,none,0,False,bona_train,val
18725.png,Bonafide,0,18725,False,none,3,False,bona_val,train
18743.png,Bonafide,0,18743,False,none,2,False,bona_train,train
18758.png,Bonafide,0,18758,False,none,0,False,bona_val,train
18762.png,Bonafide,0,18762,False,none,0,False,bona_train,val
18768.png,Bonafide,0,18768,False,none,3,False,bona_train,train
18779.png,Bonafide,0,18779,False,none,4,True,bona_train,train
18828.png,Bonafide,0,18828,False,none,3,False,bona_train,train
18853.png,Bonafide,0,18853,False,none,0,False,bona_train,train
18876.png,Bonafide,0,18876,False,none,2,False,bona_train,train
18968.png,Bonafide,0,18968,False,none,1,False,bona_val,train
18973.png,Bonafide,0,18973,False,none,2,False,bona_train,train
19019.png,Bonafide,0,19019,False,none,0,False,bona_train,val
19026.png,Bonafide,0,19026,False,none,1,False,bona_train,val
19027.png,Bonafide,0,19027,False,none,2,False,bona_val,val
19053.png,Bonafide,0,19053,False,none,4,True,bona_train,train
19060.png,Bonafide,0,19060,False,none,3,False,bona_train,train
19078.png,Bonafide,0,19078,False,none,4,True,bona_train,train
19126.png,Bonafide,0,19126,False,none,3,False,bona_val,train
19143.png,Bonafide,0,19143,False,none,1,False,bona_train,val
19158.png,Bonafide,0,19158,False,none,1,False,bona_train,val
19164.png,Bonafide,0,19164,False,none,4,True,bona_val,train
19195.png,Bonafide,0,19195,False,none,1,False,bona_val,train
19197.png,Bonafide,0,19197,False,none,2,False,bona_train,val
19250.png,Bonafide,0,19250,False,none,4,True,bona_train,val
19273.png,Bonafide,0,19273,False,none,3,False,bona_train,train
19289.png,Bonafide,0,19289,False,none,3,False,bona_val,train
19292.png,Bonafide,0,19292,False,none,2,False,bona_train,train
19302.png,Bonafide,0,19302,False,none,4,True,bona_train,train
19304.png,Bonafide,0,19304,False,none,1,False,bona_val,val
19354.png,Bonafide,0,19354,False,none,0,False,bona_train,val
19363.png,Bonafide,0,19363,False,none,1,False,bona_train,train
19378.png,Bonafide,0,19378,False,none,4,True,bona_train,train
19385.png,Bonafide,0,19385,False,none,2,False,bona_val,train
19399.png,Bonafide,0,19399,False,none,3,False,bona_train,train
19412.png,Bonafide,0,19412,False,none,4,True,bona_train,train
19432.png,Bonafide,0,19432,False,none,3,False,bona_train,train
19438.png,Bonafide,0,19438,False,none,0,False,bona_train,train
19460.png,Bonafide,0,19460,False,none,4,True,bona_val,train
19481.png,Bonafide,0,19481,False,none,3,False,bona_train,train
19484.png,Bonafide,0,19484,False,none,0,False,bona_train,train
19497.png,Bonafide,0,19497,False,none,4,True,bona_train,train
19500.png,Bonafide,0,19500,False,none,2,False,bona_train,train
19506.png,Bonafide,0,19506,False,none,4,True,bona_train,train
19533.png,Bonafide,0,19533,False,none,3,False,bona_train,train
19582.png,Bonafide,0,19582,False,none,1,False,bona_train,train
19595.png,Bonafide,0,19595,False,none,0,False,bona_train,val
19598.png,Bonafide,0,19598,False,none,3,False,bona_train,train
19602.png,Bonafide,0,19602,False,none,0,False,bona_train,train
19605.png,Bonafide,0,19605,False,none,0,False,bona_val,train
19626.png,Bonafide,0,19626,False,none,0,False,bona_train,train
19662.png,Bonafide,0,19662,False,none,3,False,bona_train,train
19674.png,Bonafide,0,19674,False,none,3,False,bona_val,train
19709.png,Bonafide,0,19709,False,none,0,False,bona_val,train
19725.png,Bonafide,0,19725,False,none,3,False,bona_train,train
19754.png,Bonafide,0,19754,False,none,2,False,bona_val,train
19773.png,Bonafide,0,19773,False,none,3,False,bona_val,train
19824.png,Bonafide,0,19824,False,none,2,False,bona_val,train
19829.png,Bonafide,0,19829,False,none,1,False,bona_val,val
19837.png,Bonafide,0,19837,False,none,4,True,bona_val,train
19843.png,Bonafide,0,19843,False,none,2,False,bona_val,train
19871.png,Bonafide,0,19871,False,none,1,False,bona_train,val
19881.png,Bonafide,0,19881,False,none,4,True,bona_val,train
19893.png,Bonafide,0,19893,False,none,4,True,bona_train,train
19909.png,Bonafide,0,19909,False,none,0,False,bona_train,train
19915.png,Bonafide,0,19915,False,none,3,False,bona_train,val
19939.png,Bonafide,0,19939,False,none,4,True,bona_train,train
19978.png,Bonafide,0,19978,False,none,0,False,bona_val,train
19994.png,Bonafide,0,19994,False,none,0,False,bona_train,train
20005.png,Bonafide,0,20005,False,none,4,True,bona_train,train
20009.png,Bonafide,0,20009,False,none,4,True,bona_train,train
20010.png,Bonafide,0,20010,False,none,4,True,bona_val,train
20022.png,Bonafide,0,20022,False,none,4,True,bona_val,val
20043.png,Bonafide,0,20043,False,none,4,True,bona_val,train
20052.png,Bonafide,0,20052,False,none,2,False,bona_train,train
20091.png,Bonafide,0,20091,False,none,1,False,bona_train,train
20135.png,Bonafide,0,20135,False,none,1,False,bona_train,train
20138.png,Bonafide,0,20138,False,none,3,False,bona_val,val
20157.png,Bonafide,0,20157,False,none,2,False,bona_val,train
20163.png,Bonafide,0,20163,False,none,0,False,bona_train,train
20181.png,Bonafide,0,20181,False,none,0,False,bona_train,train
20193.png,Bonafide,0,20193,False,none,2,False,bona_val,train
20208.png,Bonafide,0,20208,False,none,2,False,bona_train,train
20220.png,Bonafide,0,20220,False,none,0,False,bona_val,val
20229.png,Bonafide,0,20229,False,none,0,False,bona_train,train
20252.png,Bonafide,0,20252,False,none,4,True,bona_train,train
20264.png,Bonafide,0,20264,False,none,1,False,bona_train,train
20276.png,Bonafide,0,20276,False,none,0,False,bona_train,train
20287.png,Bonafide,0,20287,False,none,0,False,bona_train,train
20292.png,Bonafide,0,20292,False,none,1,False,bona_val,train
20320.png,Bonafide,0,20320,False,none,4,True,bona_train,train
20325.png,Bonafide,0,20325,False,none,3,False,bona_train,train
20367.png,Bonafide,0,20367,False,none,0,False,bona_train,train
20387.png,Bonafide,0,20387,False,none,4,True,bona_train,train
20435.png,Bonafide,0,20435,False,none,4,True,bona_train,train
20471.png,Bonafide,0,20471,False,none,4,True,bona_val,train
20482.png,Bonafide,0,20482,False,none,3,False,bona_val,val
20508.png,Bonafide,0,20508,False,none,0,False,bona_train,train
20518.png,Bonafide,0,20518,False,none,0,False,bona_train,train
20522.png,Bonafide,0,20522,False,none,2,False,bona_train,val
20546.png,Bonafide,0,20546,False,none,3,False,bona_train,train
20550.png,Bonafide,0,20550,False,none,1,False,bona_train,val
20558.png,Bonafide,0,20558,False,none,2,False,bona_train,train
20596.png,Bonafide,0,20596,False,none,2,False,bona_train,train
20613.png,Bonafide,0,20613,False,none,4,True,bona_train,train
20632.png,Bonafide,0,20632,False,none,2,False,bona_train,train
20645.png,Bonafide,0,20645,False,none,2,False,bona_val,train
20652.png,Bonafide,0,20652,False,none,2,False,bona_train,train
20667.png,Bonafide,0,20667,False,none,4,True,bona_train,val
20672.png,Bonafide,0,20672,False,none,4,True,bona_train,train
20683.png,Bonafide,0,20683,False,none,1,False,bona_train,train
20710.png,Bonafide,0,20710,False,none,4,True,bona_train,train
20749.png,Bonafide,0,20749,False,none,2,False,bona_val,train
20818.png,Bonafide,0,20818,False,none,0,False,bona_val,train
20849.png,Bonafide,0,20849,False,none,2,False,bona_train,train
20860.png,Bonafide,0,20860,False,none,0,False,bona_train,train
20864.png,Bonafide,0,20864,False,none,4,True,bona_val,train
20877.png,Bonafide,0,20877,False,none,2,False,bona_train,train
20878.png,Bonafide,0,20878,False,none,0,False,bona_train,train
20891.png,Bonafide,0,20891,False,none,4,True,bona_val,val
20899.png,Bonafide,0,20899,False,none,1,False,bona_train,train
20901.png,Bonafide,0,20901,False,none,1,False,bona_val,val
20906.png,Bonafide,0,20906,False,none,1,False,bona_val,train
20910.png,Bonafide,0,20910,False,none,4,True,bona_val,val
20914.png,Bonafide,0,20914,False,none,4,True,bona_val,train
20915.png,Bonafide,0,20915,False,none,3,False,bona_train,train
20943.png,Bonafide,0,20943,False,none,1,False,bona_val,train
20979.png,Bonafide,0,20979,False,none,2,False,bona_train,train
20986.png,Bonafide,0,20986,False,none,0,False,bona_val,train
20987.png,Bonafide,0,20987,False,none,0,False,bona_val,train
20988.png,Bonafide,0,20988,False,none,4,True,bona_train,val
20999.png,Bonafide,0,20999,False,none,4,True,bona_train,train
21029.png,Bonafide,0,21029,False,none,1,False,bona_train,train
21031.png,Bonafide,0,21031,False,none,4,True,bona_val,val
21102.png,Bonafide,0,21102,False,none,2,False,bona_train,train
21127.png,Bonafide,0,21127,False,none,4,True,bona_train,train
21128.png,Bonafide,0,21128,False,none,1,False,bona_train,train
21131.png,Bonafide,0,21131,False,none,0,False,bona_val,val
21132.png,Bonafide,0,21132,False,none,2,False,bona_train,train
21152.png,Bonafide,0,21152,False,none,3,False,bona_train,val
21168.png,Bonafide,0,21168,False,none,2,False,bona_val,train
21180.png,Bonafide,0,21180,False,none,3,False,bona_train,train
21186.png,Bonafide,0,21186,False,none,1,False,bona_train,train
21242.png,Bonafide,0,21242,False,none,2,False,bona_train,train
21251.png,Bonafide,0,21251,False,none,4,True,bona_train,train
21271.png,Bonafide,0,21271,False,none,3,False,bona_val,val
21288.png,Bonafide,0,21288,False,none,2,False,bona_train,train
21294.png,Bonafide,0,21294,False,none,3,False,bona_train,train
21314.png,Bonafide,0,21314,False,none,4,True,bona_train,train
21319.png,Bonafide,0,21319,False,none,0,False,bona_train,val
21322.png,Bonafide,0,21322,False,none,3,False,bona_train,train
21326.png,Bonafide,0,21326,False,none,0,False,bona_train,train
21327.png,Bonafide,0,21327,False,none,0,False,bona_train,train
21339.png,Bonafide,0,21339,False,none,4,True,bona_train,train
21370.png,Bonafide,0,21370,False,none,1,False,bona_val,train
21396.png,Bonafide,0,21396,False,none,1,False,bona_train,train
21463.png,Bonafide,0,21463,False,none,2,False,bona_train,val
21475.png,Bonafide,0,21475,False,none,4,True,bona_train,train
21476.png,Bonafide,0,21476,False,none,3,False,bona_train,train
21485.png,Bonafide,0,21485,False,none,2,False,bona_train,train
21500.png,Bonafide,0,21500,False,none,2,False,bona_train,train
21507.png,Bonafide,0,21507,False,none,1,False,bona_train,train
21508.png,Bonafide,0,21508,False,none,3,False,bona_train,val
21526.png,Bonafide,0,21526,False,none,1,False,bona_train,val
21536.png,Bonafide,0,21536,False,none,1,False,bona_train,train
21545.png,Bonafide,0,21545,False,none,4,True,bona_train,train
21550.png,Bonafide,0,21550,False,none,0,False,bona_train,train
21580.png,Bonafide,0,21580,False,none,1,False,bona_train,train
21592.png,Bonafide,0,21592,False,none,4,True,bona_train,train
21598.png,Bonafide,0,21598,False,none,0,False,bona_train,val
21610.png,Bonafide,0,21610,False,none,2,False,bona_train,train
21637.png,Bonafide,0,21637,False,none,0,False,bona_train,train
21640.png,Bonafide,0,21640,False,none,3,False,bona_train,train
21645.png,Bonafide,0,21645,False,none,2,False,bona_train,train
21651.png,Bonafide,0,21651,False,none,1,False,bona_train,train
21662.png,Bonafide,0,21662,False,none,4,True,bona_train,train
21677.png,Bonafide,0,21677,False,none,4,True,bona_train,train
21678.png,Bonafide,0,21678,False,none,2,False,bona_train,train
21729.png,Bonafide,0,21729,False,none,1,False,bona_train,val
21739.png,Bonafide,0,21739,False,none,3,False,bona_train,train
21743.png,Bonafide,0,21743,False,none,0,False,bona_train,train
21779.png,Bonafide,0,21779,False,none,4,True,bona_train,train
21785.png,Bonafide,0,21785,False,none,4,True,bona_train,val
21790.png,Bonafide,0,21790,False,none,4,True,bona_train,train
21811.png,Bonafide,0,21811,False,none,4,True,bona_train,train
21812.png,Bonafide,0,21812,False,none,1,False,bona_train,train
21819.png,Bonafide,0,21819,False,none,4,True,bona_train,train
21832.png,Bonafide,0,21832,False,none,1,False,bona_train,val
21870.png,Bonafide,0,21870,False,none,4,True,bona_val,train
21885.png,Bonafide,0,21885,False,none,2,False,bona_train,val
21918.png,Bonafide,0,21918,False,none,1,False,bona_train,train
21919.png,Bonafide,0,21919,False,none,3,False,bona_train,val
21941.png,Bonafide,0,21941,False,none,4,True,bona_train,train
21955.png,Bonafide,0,21955,False,none,3,False,bona_train,val
21964.png,Bonafide,0,21964,False,none,1,False,bona_train,train
21975.png,Bonafide,0,21975,False,none,0,False,bona_train,train
21989.png,Bonafide,0,21989,False,none,1,False,bona_train,val
21993.png,Bonafide,0,21993,False,none,1,False,bona_val,train
22004.png,Bonafide,0,22004,False,none,3,False,bona_val,train
22025.png,Bonafide,0,22025,False,none,2,False,bona_train,train
22035.png,Bonafide,0,22035,False,none,2,False,bona_train,train
22049.png,Bonafide,0,22049,False,none,0,False,bona_train,val
22076.png,Bonafide,0,22076,False,none,4,True,bona_train,train
22077.png,Bonafide,0,22077,False,none,1,False,bona_val,train
22078.png,Bonafide,0,22078,False,none,4,True,bona_train,train
22098.png,Bonafide,0,22098,False,none,3,False,bona_train,train
22115.png,Bonafide,0,22115,False,none,2,False,bona_train,train
22120.png,Bonafide,0,22120,False,none,2,False,bona_train,train
22125.png,Bonafide,0,22125,False,none,4,True,bona_train,train
22134.png,Bonafide,0,22134,False,none,1,False,bona_train,train
22135.png,Bonafide,0,22135,False,none,2,False,bona_train,val
22152.png,Bonafide,0,22152,False,none,1,False,bona_train,train
22191.png,Bonafide,0,22191,False,none,0,False,bona_train,train
22203.png,Bonafide,0,22203,False,none,3,False,bona_train,val
22231.png,Bonafide,0,22231,False,none,3,False,bona_train,train
22238.png,Bonafide,0,22238,False,none,0,False,bona_train,train
22266.png,Bonafide,0,22266,False,none,0,False,bona_train,train
22289.png,Bonafide,0,22289,False,none,3,False,bona_val,train
22307.png,Bonafide,0,22307,False,none,4,True,bona_train,train
22322.png,Bonafide,0,22322,False,none,4,True,bona_train,train
22336.png,Bonafide,0,22336,False,none,3,False,bona_val,train
22340.png,Bonafide,0,22340,False,none,1,False,bona_train,train
22385.png,Bonafide,0,22385,False,none,0,False,bona_val,train
22386.png,Bonafide,0,22386,False,none,3,False,bona_train,train
22395.png,Bonafide,0,22395,False,none,2,False,bona_train,train
22437.png,Bonafide,0,22437,False,none,3,False,bona_train,val
22448.png,Bonafide,0,22448,False,none,4,True,bona_train,train
22453.png,Bonafide,0,22453,False,none,1,False,bona_train,train
22466.png,Bonafide,0,22466,False,none,4,True,bona_train,val
22485.png,Bonafide,0,22485,False,none,4,True,bona_val,train
22510.png,Bonafide,0,22510,False,none,4,True,bona_train,train
22520.png,Bonafide,0,22520,False,none,3,False,bona_train,train
22523.png,Bonafide,0,22523,False,none,1,False,bona_val,train
22542.png,Bonafide,0,22542,False,none,1,False,bona_train,train
22544.png,Bonafide,0,22544,False,none,3,False,bona_val,train
22569.png,Bonafide,0,22569,False,none,3,False,bona_train,train
22573.png,Bonafide,0,22573,False,none,1,False,bona_train,train
22581.png,Bonafide,0,22581,False,none,1,False,bona_train,train
22583.png,Bonafide,0,22583,False,none,2,False,bona_train,train
22597.png,Bonafide,0,22597,False,none,2,False,bona_train,train
22600.png,Bonafide,0,22600,False,none,4,True,bona_train,val
22621.png,Bonafide,0,22621,False,none,4,True,bona_train,train
22622.png,Bonafide,0,22622,False,none,0,False,bona_train,train
22628.png,Bonafide,0,22628,False,none,4,True,bona_val,train
22645.png,Bonafide,0,22645,False,none,3,False,bona_train,train
22665.png,Bonafide,0,22665,False,none,2,False,bona_val,train
22693.png,Bonafide,0,22693,False,none,0,False,bona_train,train
22702.png,Bonafide,0,22702,False,none,4,True,bona_train,train
22766.png,Bonafide,0,22766,False,none,0,False,bona_train,train
22773.png,Bonafide,0,22773,False,none,1,False,bona_train,train
22776.png,Bonafide,0,22776,False,none,1,False,bona_train,train
22800.png,Bonafide,0,22800,False,none,3,False,bona_train,val
22835.png,Bonafide,0,22835,False,none,4,True,bona_train,val
22836.png,Bonafide,0,22836,False,none,3,False,bona_train,train
22862.png,Bonafide,0,22862,False,none,0,False,bona_train,train
22865.png,Bonafide,0,22865,False,none,3,False,bona_train,train
22882.png,Bonafide,0,22882,False,none,1,False,bona_train,train
22883.png,Bonafide,0,22883,False,none,2,False,bona_val,val
22908.png,Bonafide,0,22908,False,none,2,False,bona_train,train
22927.png,Bonafide,0,22927,False,none,3,False,bona_train,train
22952.png,Bonafide,0,22952,False,none,1,False,bona_train,train
22968.png,Bonafide,0,22968,False,none,2,False,bona_val,train
23023.png,Bonafide,0,23023,False,none,0,False,bona_train,train
23024.png,Bonafide,0,23024,False,none,3,False,bona_train,train
23048.png,Bonafide,0,23048,False,none,0,False,bona_train,train
23050.png,Bonafide,0,23050,False,none,1,False,bona_train,train
23063.png,Bonafide,0,23063,False,none,2,False,bona_train,val
23146.png,Bonafide,0,23146,False,none,4,True,bona_train,train
23154.png,Bonafide,0,23154,False,none,3,False,bona_val,train
23182.png,Bonafide,0,23182,False,none,3,False,bona_train,val
23210.png,Bonafide,0,23210,False,none,4,True,bona_val,train
23231.png,Bonafide,0,23231,False,none,3,False,bona_train,val
23238.png,Bonafide,0,23238,False,none,2,False,bona_train,train
23253.png,Bonafide,0,23253,False,none,2,False,bona_train,train
23296.png,Bonafide,0,23296,False,none,0,False,bona_train,train
23300.png,Bonafide,0,23300,False,none,1,False,bona_train,train
23303.png,Bonafide,0,23303,False,none,1,False,bona_train,train
23311.png,Bonafide,0,23311,False,none,4,True,bona_train,val
23322.png,Bonafide,0,23322,False,none,3,False,bona_train,train
23349.png,Bonafide,0,23349,False,none,1,False,bona_val,train
23365.png,Bonafide,0,23365,False,none,3,False,bona_train,val
23368.png,Bonafide,0,23368,False,none,1,False,bona_train,train
23376.png,Bonafide,0,23376,False,none,4,True,bona_train,train
23380.png,Bonafide,0,23380,False,none,2,False,bona_train,train
23402.png,Bonafide,0,23402,False,none,0,False,bona_train,val
23407.png,Bonafide,0,23407,False,none,2,False,bona_train,train
23447.png,Bonafide,0,23447,False,none,2,False,bona_train,train
23461.png,Bonafide,0,23461,False,none,1,False,bona_train,train
23480.png,Bonafide,0,23480,False,none,3,False,bona_train,train
23487.png,Bonafide,0,23487,False,none,4,True,bona_val,train
23488.png,Bonafide,0,23488,False,none,4,True,bona_train,train
23552.png,Bonafide,0,23552,False,none,1,False,bona_train,val
23570.png,Bonafide,0,23570,False,none,0,False,bona_train,train
23581.png,Bonafide,0,23581,False,none,3,False,bona_train,train
23585.png,Bonafide,0,23585,False,none,0,False,bona_train,train
23605.png,Bonafide,0,23605,False,none,3,False,bona_train,train
23606.png,Bonafide,0,23606,False,none,0,False,bona_train,train
23612.png,Bonafide,0,23612,False,none,3,False,bona_train,train
23614.png,Bonafide,0,23614,False,none,4,True,bona_train,train
23636.png,Bonafide,0,23636,False,none,4,True,bona_train,train
23655.png,Bonafide,0,23655,False,none,1,False,bona_train,val
23687.png,Bonafide,0,23687,False,none,3,False,bona_train,train
23691.png,Bonafide,0,23691,False,none,1,False,bona_val,val
23718.png,Bonafide,0,23718,False,none,3,False,bona_train,train
23719.png,Bonafide,0,23719,False,none,1,False,bona_train,val
23744.png,Bonafide,0,23744,False,none,2,False,bona_train,val
23748.png,Bonafide,0,23748,False,none,0,False,bona_train,train
23756.png,Bonafide,0,23756,False,none,3,False,bona_train,val
23773.png,Bonafide,0,23773,False,none,1,False,bona_train,train
23791.png,Bonafide,0,23791,False,none,0,False,bona_val,train
23819.png,Bonafide,0,23819,False,none,3,False,bona_train,train
23823.png,Bonafide,0,23823,False,none,3,False,bona_train,train
23835.png,Bonafide,0,23835,False,none,0,False,bona_train,train
23896.png,Bonafide,0,23896,False,none,3,False,bona_train,train
23904.png,Bonafide,0,23904,False,none,0,False,bona_train,train
23905.png,Bonafide,0,23905,False,none,0,False,bona_train,train
23917.png,Bonafide,0,23917,False,none,2,False,bona_train,train
23919.png,Bonafide,0,23919,False,none,2,False,bona_train,train
23955.png,Bonafide,0,23955,False,none,4,True,bona_train,train
23993.png,Bonafide,0,23993,False,none,0,False,bona_val,train
24014.png,Bonafide,0,24014,False,none,2,False,bona_train,val
24018.png,Bonafide,0,24018,False,none,1,False,bona_train,train
24038.png,Bonafide,0,24038,False,none,4,True,bona_train,val
24044.png,Bonafide,0,24044,False,none,0,False,bona_train,train
24054.png,Bonafide,0,24054,False,none,2,False,bona_train,train
24059.png,Bonafide,0,24059,False,none,1,False,bona_train,val
24067.png,Bonafide,0,24067,False,none,3,False,bona_train,val
24098.png,Bonafide,0,24098,False,none,0,False,bona_train,train
24104.png,Bonafide,0,24104,False,none,0,False,bona_train,train
24107.png,Bonafide,0,24107,False,none,0,False,bona_train,train
24138.png,Bonafide,0,24138,False,none,1,False,bona_train,train
24156.png,Bonafide,0,24156,False,none,0,False,bona_train,train
24176.png,Bonafide,0,24176,False,none,2,False,bona_train,val
24182.png,Bonafide,0,24182,False,none,0,False,bona_train,val
24219.png,Bonafide,0,24219,False,none,3,False,bona_train,train
24221.png,Bonafide,0,24221,False,none,2,False,bona_train,train
24224.png,Bonafide,0,24224,False,none,3,False,bona_train,train
24265.png,Bonafide,0,24265,False,none,1,False,bona_train,train
24270.png,Bonafide,0,24270,False,none,1,False,bona_train,train
24285.png,Bonafide,0,24285,False,none,2,False,bona_val,val
24301.png,Bonafide,0,24301,False,none,2,False,bona_val,val
24316.png,Bonafide,0,24316,False,none,4,True,bona_train,val
24323.png,Bonafide,0,24323,False,none,1,False,bona_train,val
24328.png,Bonafide,0,24328,False,none,4,True,bona_train,val
24338.png,Bonafide,0,24338,False,none,1,False,bona_train,val
24371.png,Bonafide,0,24371,False,none,0,False,bona_train,train
24387.png,Bonafide,0,24387,False,none,1,False,bona_train,val
24400.png,Bonafide,0,24400,False,none,1,False,bona_val,train
24436.png,Bonafide,0,24436,False,none,2,False,bona_val,train
24454.png,Bonafide,0,24454,False,none,2,False,bona_train,train
24462.png,Bonafide,0,24462,False,none,3,False,bona_val,train
24467.png,Bonafide,0,24467,False,none,0,False,bona_train,val
24478.png,Bonafide,0,24478,False,none,0,False,bona_val,train
24492.png,Bonafide,0,24492,False,none,4,True,bona_val,val
24539.png,Bonafide,0,24539,False,none,1,False,bona_train,train
24546.png,Bonafide,0,24546,False,none,4,True,bona_train,train
24569.png,Bonafide,0,24569,False,none,2,False,bona_train,train
24576.png,Bonafide,0,24576,False,none,2,False,bona_val,train
24593.png,Bonafide,0,24593,False,none,0,False,bona_train,train
24614.png,Bonafide,0,24614,False,none,2,False,bona_val,train
24647.png,Bonafide,0,24647,False,none,3,False,bona_train,train
24654.png,Bonafide,0,24654,False,none,2,False,bona_val,train
24658.png,Bonafide,0,24658,False,none,0,False,bona_val,train
24659.png,Bonafide,0,24659,False,none,0,False,bona_train,val
24664.png,Bonafide,0,24664,False,none,4,True,bona_train,train
24668.png,Bonafide,0,24668,False,none,0,False,bona_train,train
24671.png,Bonafide,0,24671,False,none,3,False,bona_train,train
24684.png,Bonafide,0,24684,False,none,1,False,bona_train,train
24711.png,Bonafide,0,24711,False,none,4,True,bona_train,train
24737.png,Bonafide,0,24737,False,none,1,False,bona_train,train
24745.png,Bonafide,0,24745,False,none,1,False,bona_train,train
24781.png,Bonafide,0,24781,False,none,4,True,bona_train,train
24802.png,Bonafide,0,24802,False,none,0,False,bona_train,train
24821.png,Bonafide,0,24821,False,none,2,False,bona_val,val
24823.png,Bonafide,0,24823,False,none,4,True,bona_train,train
24838.png,Bonafide,0,24838,False,none,2,False,bona_train,train
24869.png,Bonafide,0,24869,False,none,4,True,bona_train,train
24874.png,Bonafide,0,24874,False,none,3,False,bona_train,train
24881.png,Bonafide,0,24881,False,none,1,False,bona_train,train
24889.png,Bonafide,0,24889,False,none,4,True,bona_train,val
24891.png,Bonafide,0,24891,False,none,1,False,bona_train,train
24902.png,Bonafide,0,24902,False,none,0,False,bona_val,train
24932.png,Bonafide,0,24932,False,none,3,False,bona_train,val
24940.png,Bonafide,0,24940,False,none,3,False,bona_train,train
24963.png,Bonafide,0,24963,False,none,2,False,bona_train,train
24966.png,Bonafide,0,24966,False,none,4,True,bona_train,val
25000.png,Bonafide,0,25000,False,none,0,False,bona_train,train
25040.png,Bonafide,0,25040,False,none,4,True,bona_train,train
25048.png,Bonafide,0,25048,False,none,4,True,bona_train,train
25049.png,Bonafide,0,25049,False,none,4,True,bona_train,val
25062.png,Bonafide,0,25062,False,none,2,False,bona_train,val
25064.png,Bonafide,0,25064,False,none,1,False,bona_train,val
25084.png,Bonafide,0,25084,False,none,4,True,bona_train,train
25119.png,Bonafide,0,25119,False,none,0,False,bona_train,val
25124.png,Bonafide,0,25124,False,none,3,False,bona_train,val
25127.png,Bonafide,0,25127,False,none,2,False,bona_train,train
25128.png,Bonafide,0,25128,False,none,3,False,bona_train,val
25133.png,Bonafide,0,25133,False,none,2,False,bona_train,val
25148.png,Bonafide,0,25148,False,none,0,False,bona_train,train
25162.png,Bonafide,0,25162,False,none,1,False,bona_train,train
25164.png,Bonafide,0,25164,False,none,2,False,bona_train,train
25170.png,Bonafide,0,25170,False,none,0,False,bona_train,val
25184.png,Bonafide,0,25184,False,none,4,True,bona_train,train
25225.png,Bonafide,0,25225,False,none,0,False,bona_train,train
25258.png,Bonafide,0,25258,False,none,4,True,bona_train,train
25296.png,Bonafide,0,25296,False,none,1,False,bona_train,train
25301.png,Bonafide,0,25301,False,none,2,False,bona_train,train
25312.png,Bonafide,0,25312,False,none,3,False,bona_train,val
25320.png,Bonafide,0,25320,False,none,0,False,bona_train,val
25331.png,Bonafide,0,25331,False,none,4,True,bona_train,val
25343.png,Bonafide,0,25343,False,none,4,True,bona_train,train
25372.png,Bonafide,0,25372,False,none,1,False,bona_train,train
25377.png,Bonafide,0,25377,False,none,3,False,bona_val,train
25396.png,Bonafide,0,25396,False,none,4,True,bona_train,val
25409.png,Bonafide,0,25409,False,none,1,False,bona_train,val
25436.png,Bonafide,0,25436,False,none,4,True,bona_train,train
25438.png,Bonafide,0,25438,False,none,4,True,bona_train,train
25449.png,Bonafide,0,25449,False,none,1,False,bona_train,train
25462.png,Bonafide,0,25462,False,none,2,False,bona_val,train
25467.png,Bonafide,0,25467,False,none,1,False,bona_train,train
25493.png,Bonafide,0,25493,False,none,0,False,bona_train,train
25512.png,Bonafide,0,25512,False,none,4,True,bona_train,train
25527.png,Bonafide,0,25527,False,none,0,False,bona_train,val
25566.png,Bonafide,0,25566,False,none,1,False,bona_train,val
25574.png,Bonafide,0,25574,False,none,0,False,bona_train,train
25583.png,Bonafide,0,25583,False,none,0,False,bona_train,train
25606.png,Bonafide,0,25606,False,none,0,False,bona_train,val
25607.png,Bonafide,0,25607,False,none,1,False,bona_train,train
25628.png,Bonafide,0,25628,False,none,2,False,bona_train,train
25631.png,Bonafide,0,25631,False,none,0,False,bona_train,train
25640.png,Bonafide,0,25640,False,none,0,False,bona_train,train
25642.png,Bonafide,0,25642,False,none,0,False,bona_val,train
25648.png,Bonafide,0,25648,False,none,4,True,bona_train,train
25684.png,Bonafide,0,25684,False,none,3,False,bona_train,train
25699.png,Bonafide,0,25699,False,none,1,False,bona_val,train
25710.png,Bonafide,0,25710,False,none,2,False,bona_val,train
25717.png,Bonafide,0,25717,False,none,2,False,bona_train,train
25746.png,Bonafide,0,25746,False,none,4,True,bona_train,train
25750.png,Bonafide,0,25750,False,none,4,True,bona_train,train
25784.png,Bonafide,0,25784,False,none,3,False,bona_train,train
25786.png,Bonafide,0,25786,False,none,3,False,bona_train,val
25800.png,Bonafide,0,25800,False,none,1,False,bona_train,train
25829.png,Bonafide,0,25829,False,none,1,False,bona_train,train
25837.png,Bonafide,0,25837,False,none,3,False,bona_train,train
25863.png,Bonafide,0,25863,False,none,0,False,bona_val,train
25866.png,Bonafide,0,25866,False,none,3,False,bona_train,train
25892.png,Bonafide,0,25892,False,none,1,False,bona_train,train
25956.png,Bonafide,0,25956,False,none,1,False,bona_train,val
25963.png,Bonafide,0,25963,False,none,4,True,bona_train,train
25981.png,Bonafide,0,25981,False,none,1,False,bona_train,train
25991.png,Bonafide,0,25991,False,none,1,False,bona_train,train
26013.png,Bonafide,0,26013,False,none,1,False,bona_train,train
26036.png,Bonafide,0,26036,False,none,3,False,bona_train,train
26041.png,Bonafide,0,26041,False,none,4,True,bona_train,val
26055.png,Bonafide,0,26055,False,none,2,False,bona_train,train
26062.png,Bonafide,0,26062,False,none,3,False,bona_train,train
26077.png,Bonafide,0,26077,False,none,3,False,bona_train,train
26117.png,Bonafide,0,26117,False,none,2,False,bona_val,train
26139.png,Bonafide,0,26139,False,none,3,False,bona_train,train
26142.png,Bonafide,0,26142,False,none,3,False,bona_train,train
26151.png,Bonafide,0,26151,False,none,4,True,bona_train,val
26154.png,Bonafide,0,26154,False,none,1,False,bona_train,train
26180.png,Bonafide,0,26180,False,none,1,False,bona_train,train
26186.png,Bonafide,0,26186,False,none,3,False,bona_val,train
26224.png,Bonafide,0,26224,False,none,2,False,bona_train,train
26235.png,Bonafide,0,26235,False,none,2,False,bona_val,train
26259.png,Bonafide,0,26259,False,none,1,False,bona_train,train
26313.png,Bonafide,0,26313,False,none,1,False,bona_train,train
26314.png,Bonafide,0,26314,False,none,0,False,bona_train,train
26316.png,Bonafide,0,26316,False,none,1,False,bona_val,train
26317.png,Bonafide,0,26317,False,none,4,True,bona_val,train
26321.png,Bonafide,0,26321,False,none,3,False,bona_train,val
26333.png,Bonafide,0,26333,False,none,0,False,bona_val,train
26341.png,Bonafide,0,26341,False,none,0,False,bona_val,val
26345.png,Bonafide,0,26345,False,none,0,False,bona_train,train
26348.png,Bonafide,0,26348,False,none,0,False,bona_train,train
26370.png,Bonafide,0,26370,False,none,1,False,bona_train,val
26374.png,Bonafide,0,26374,False,none,0,False,bona_train,train
26400.png,Bonafide,0,26400,False,none,2,False,bona_train,val
26405.png,Bonafide,0,26405,False,none,2,False,bona_train,train
26433.png,Bonafide,0,26433,False,none,2,False,bona_train,train
26454.png,Bonafide,0,26454,False,none,3,False,bona_train,train
26456.png,Bonafide,0,26456,False,none,0,False,bona_train,train
26467.png,Bonafide,0,26467,False,none,4,True,bona_train,val
26537.png,Bonafide,0,26537,False,none,0,False,bona_train,train
26549.png,Bonafide,0,26549,False,none,4,True,bona_train,train
26556.png,Bonafide,0,26556,False,none,2,False,bona_train,val
26618.png,Bonafide,0,26618,False,none,2,False,bona_train,train
26626.png,Bonafide,0,26626,False,none,1,False,bona_train,train
26632.png,Bonafide,0,26632,False,none,2,False,bona_train,train
26634.png,Bonafide,0,26634,False,none,4,True,bona_train,train
26635.png,Bonafide,0,26635,False,none,1,False,bona_val,train
26660.png,Bonafide,0,26660,False,none,1,False,bona_train,train
26669.png,Bonafide,0,26669,False,none,2,False,bona_train,val
26685.png,Bonafide,0,26685,False,none,2,False,bona_train,val
26688.png,Bonafide,0,26688,False,none,4,True,bona_train,train
26698.png,Bonafide,0,26698,False,none,4,True,bona_train,val
26725.png,Bonafide,0,26725,False,none,3,False,bona_train,train
26734.png,Bonafide,0,26734,False,none,0,False,bona_train,val
26762.png,Bonafide,0,26762,False,none,3,False,bona_train,train
26765.png,Bonafide,0,26765,False,none,2,False,bona_train,train
26771.png,Bonafide,0,26771,False,none,4,True,bona_val,train
26795.png,Bonafide,0,26795,False,none,3,False,bona_val,train
26844.png,Bonafide,0,26844,False,none,2,False,bona_train,train
26845.png,Bonafide,0,26845,False,none,1,False,bona_train,train
26859.png,Bonafide,0,26859,False,none,1,False,bona_train,train
26860.png,Bonafide,0,26860,False,none,2,False,bona_train,train
26868.png,Bonafide,0,26868,False,none,3,False,bona_train,train
26881.png,Bonafide,0,26881,False,none,0,False,bona_val,train
26887.png,Bonafide,0,26887,False,none,4,True,bona_train,val
26907.png,Bonafide,0,26907,False,none,4,True,bona_train,train
26920.png,Bonafide,0,26920,False,none,1,False,bona_train,train
26922.png,Bonafide,0,26922,False,none,4,True,bona_train,val
26928.png,Bonafide,0,26928,False,none,4,True,bona_val,train
26987.png,Bonafide,0,26987,False,none,2,False,bona_val,train
26990.png,Bonafide,0,26990,False,none,1,False,bona_train,train
27028.png,Bonafide,0,27028,False,none,2,False,bona_train,val
27038.png,Bonafide,0,27038,False,none,4,True,bona_train,train
27041.png,Bonafide,0,27041,False,none,4,True,bona_train,train
27048.png,Bonafide,0,27048,False,none,0,False,bona_train,train
27065.png,Bonafide,0,27065,False,none,1,False,bona_train,train
27078.png,Bonafide,0,27078,False,none,3,False,bona_train,train
27100.png,Bonafide,0,27100,False,none,3,False,bona_train,train
27130.png,Bonafide,0,27130,False,none,3,False,bona_train,val
27142.png,Bonafide,0,27142,False,none,3,False,bona_train,train
27173.png,Bonafide,0,27173,False,none,2,False,bona_train,train
27203.png,Bonafide,0,27203,False,none,2,False,bona_val,val
27208.png,Bonafide,0,27208,False,none,2,False,bona_train,train
27302.png,Bonafide,0,27302,False,none,0,False,bona_train,train
27327.png,Bonafide,0,27327,False,none,1,False,bona_train,train
27330.png,Bonafide,0,27330,False,none,0,False,bona_train,train
27339.png,Bonafide,0,27339,False,none,0,False,bona_train,train
27378.png,Bonafide,0,27378,False,none,2,False,bona_train,val
27401.png,Bonafide,0,27401,False,none,0,False,bona_train,train
27402.png,Bonafide,0,27402,False,none,2,False,bona_val,train
27404.png,Bonafide,0,27404,False,none,0,False,bona_train,train
27415.png,Bonafide,0,27415,False,none,1,False,bona_val,train
27426.png,Bonafide,0,27426,False,none,1,False,bona_train,train
27484.png,Bonafide,0,27484,False,none,4,True,bona_train,train
27498.png,Bonafide,0,27498,False,none,3,False,bona_train,train
27511.png,Bonafide,0,27511,False,none,1,False,bona_train,train
27558.png,Bonafide,0,27558,False,none,2,False,bona_train,train
27560.png,Bonafide,0,27560,False,none,1,False,bona_train,train
27571.png,Bonafide,0,27571,False,none,3,False,bona_val,train
27582.png,Bonafide,0,27582,False,none,4,True,bona_val,train
27588.png,Bonafide,0,27588,False,none,0,False,bona_train,train
27596.png,Bonafide,0,27596,False,none,4,True,bona_train,train
27605.png,Bonafide,0,27605,False,none,1,False,bona_train,train
27606.png,Bonafide,0,27606,False,none,2,False,bona_train,val
27630.png,Bonafide,0,27630,False,none,0,False,bona_train,train
27631.png,Bonafide,0,27631,False,none,3,False,bona_train,train
27637.png,Bonafide,0,27637,False,none,0,False,bona_train,train
27659.png,Bonafide,0,27659,False,none,1,False,bona_train,train
27664.png,Bonafide,0,27664,False,none,0,False,bona_train,train
27674.png,Bonafide,0,27674,False,none,1,False,bona_train,train
27699.png,Bonafide,0,27699,False,none,0,False,bona_train,train
27708.png,Bonafide,0,27708,False,none,0,False,bona_train,train
27709.png,Bonafide,0,27709,False,none,2,False,bona_train,train
27735.png,Bonafide,0,27735,False,none,3,False,bona_train,train
27764.png,Bonafide,0,27764,False,none,2,False,bona_train,train
27783.png,Bonafide,0,27783,False,none,0,False,bona_train,train
27791.png,Bonafide,0,27791,False,none,4,True,bona_train,train
27793.png,Bonafide,0,27793,False,none,4,True,bona_train,val
27808.png,Bonafide,0,27808,False,none,0,False,bona_train,train
27854.png,Bonafide,0,27854,False,none,0,False,bona_train,train
27871.png,Bonafide,0,27871,False,none,0,False,bona_val,train
27879.png,Bonafide,0,27879,False,none,4,True,bona_train,train
27896.png,Bonafide,0,27896,False,none,1,False,bona_train,val
27909.png,Bonafide,0,27909,False,none,2,False,bona_train,train
27921.png,Bonafide,0,27921,False,none,1,False,bona_val,train
27927.png,Bonafide,0,27927,False,none,2,False,bona_train,val
27951.png,Bonafide,0,27951,False,none,2,False,bona_val,train
27962.png,Bonafide,0,27962,False,none,1,False,bona_train,train
27976.png,Bonafide,0,27976,False,none,4,True,bona_val,val
28001.png,Bonafide,0,28001,False,none,4,True,bona_train,train
28014.png,Bonafide,0,28014,False,none,4,True,bona_train,train
28017.png,Bonafide,0,28017,False,none,0,False,bona_train,train
28021.png,Bonafide,0,28021,False,none,2,False,bona_val,val
28024.png,Bonafide,0,28024,False,none,3,False,bona_train,train
28046.png,Bonafide,0,28046,False,none,0,False,bona_train,val
28051.png,Bonafide,0,28051,False,none,1,False,bona_val,train
28090.png,Bonafide,0,28090,False,none,1,False,bona_train,train
00962.png,Screens,1,00962,True,iPhone,2,False,iPhone,train
00998.png,Screens,1,00998,True,iPhone,0,False,iPhone,train
01012.png,Screens,1,01012,True,iPhone,4,True,iPhone,train
08794.png,Screens,1,08794,True,iPhone,3,False,iPhone,train
10673.png,Screens,1,10673,True,iPhone,0,False,iPhone,train
10684.png,Screens,1,10684,True,iPhone,1,False,iPhone,train
10696.png,Screens,1,10696,True,iPhone,2,False,iPhone,train
10712.png,Screens,1,10712,True,iPhone,3,False,iPhone,val
10728.png,Screens,1,10728,True,iPhone,1,False,iPhone,train
10741.png,Screens,1,10741,True,iPhone,4,True,iPhone,train
10744.png,Screens,1,10744,True,Samsung,4,True,Samsung,train
10881.png,Screens,1,10881,True,Samsung,0,False,Samsung,train
10889.png,Screens,1,10889,True,Samsung,3,False,Samsung,val
10954.png,Screens,1,10954,True,Samsung,3,False,Samsung,train
10960.png,Screens,1,10960,True,Samsung,0,False,Samsung,train
10970.png,Screens,1,10970,True,Samsung,2,False,Samsung,val
10972.png,Screens,1,10972,True,Samsung,1,False,Samsung,val
10992.png,Screens,1,10992,True,Samsung,2,False,Samsung,train
11040.png,Screens,1,11040,True,Samsung,1,False,Samsung,train
11053.png,Screens,1,11053,True,iPhone,4,True,iPhone,train
11099.png,Screens,1,11099,True,iPhone,2,False,iPhone,train
11117.png,Screens,1,11117,True,iPhone,1,False,iPhone,val
11130.png,Screens,1,11130,True,iPhone,0,False,iPhone,train
